{"polyfill":["/polyfill-6a99572ea661807822a4.js"],"app":["/app-3adc180308acf65b5edf.js"],"component---src-pages-404-js":["/component---src-pages-404-js-54e9d5fcf2dc42a6eeaa.js"],"component---src-pages-businesses-[slug]-js":["/component---src-pages-businesses-[slug]-js-7e5c48dfeb12a3dce719.js"],"component---src-pages-contact-index-js":["/component---src-pages-contact-index-js-a7007fc3e1327d45b51b.js"],"component---src-pages-index-js":["/component---src-pages-index-js-7626244cbbc9552c560f.js"],"component---src-pages-info-[id]-js":["/component---src-pages-info-[id]-js-2d450c9cf525add02617.js"],"component---src-pages-itspec-[slug]-jsx":["/component---src-pages-itspec-[slug]-jsx-74899e7271c2fe81e1ca.js"],"component---src-pages-types-[id]-js":["/component---src-pages-types-[id]-js-2f4bbdd3a7fa03e68d88.js"]}