{"polyfill":["/polyfill-6a99572ea661807822a4.js"],"app":["/app-fc9fd49b181e335bf0e4.js"],"component---src-pages-404-js":["/component---src-pages-404-js-54e9d5fcf2dc42a6eeaa.js"],"component---src-pages-businesses-[slug]-js":["/component---src-pages-businesses-[slug]-js-c5d7400e66d727236a57.js"],"component---src-pages-contact-index-js":["/component---src-pages-contact-index-js-42faedf6702182de0bbf.js"],"component---src-pages-index-js":["/component---src-pages-index-js-39098c9e8311119c1b85.js"],"component---src-pages-info-[id]-js":["/component---src-pages-info-[id]-js-2d450c9cf525add02617.js"],"component---src-pages-itspec-[slug]-jsx":["/component---src-pages-itspec-[slug]-jsx-38e4d5663fc4ca561766.js"],"component---src-pages-types-[id]-js":["/component---src-pages-types-[id]-js-2f4bbdd3a7fa03e68d88.js"]}