{"polyfill":["/polyfill-6a99572ea661807822a4.js"],"app":["/app-034d4f64a0654af25ba8.js"],"component---src-pages-404-js":["/component---src-pages-404-js-54e9d5fcf2dc42a6eeaa.js"],"component---src-pages-businesses-[slug]-js":["/component---src-pages-businesses-[slug]-js-e183484df4dcb4eb341c.js"],"component---src-pages-contact-index-js":["/component---src-pages-contact-index-js-9b1fa2229fd9a642d66b.js"],"component---src-pages-index-js":["/component---src-pages-index-js-e57c390c5f761bdd42b2.js"],"component---src-pages-info-[id]-js":["/component---src-pages-info-[id]-js-2d450c9cf525add02617.js"],"component---src-pages-itspec-[slug]-jsx":["/component---src-pages-itspec-[slug]-jsx-5e271d348e26e4e881fc.js"],"component---src-pages-types-[id]-js":["/component---src-pages-types-[id]-js-2f4bbdd3a7fa03e68d88.js"]}