{"name":"build-javascript","namedChunkGroups":{"polyfill":{"name":"polyfill","assets":[{"name":"webpack-runtime-9e2d44b496132f35717d.js","size":5481},{"name":"polyfill-6a99572ea661807822a4.js","size":83483}],"filteredAssets":0,"assetsSize":88964,"filteredAuxiliaryAssets":2,"auxiliaryAssetsSize":223838},"app":{"name":"app","assets":[{"name":"webpack-runtime-9e2d44b496132f35717d.js","size":5481},{"name":"styles.041eb11532774f0c7a9c.css","size":125915},{"name":"framework-17bcecbe366e90a0db56.js","size":129726},{"name":"app-3adc180308acf65b5edf.js","size":175745}],"filteredAssets":0,"assetsSize":436867,"filteredAuxiliaryAssets":38,"auxiliaryAssetsSize":5793967},"component---src-pages-404-js":{"name":"component---src-pages-404-js","assets":[{"name":"component---src-pages-404-js-54e9d5fcf2dc42a6eeaa.js","size":800}],"filteredAssets":0,"assetsSize":800,"filteredAuxiliaryAssets":1,"auxiliaryAssetsSize":1987},"component---src-pages-businesses-[slug]-js":{"name":"component---src-pages-businesses-[slug]-js","assets":[{"name":"styles.041eb11532774f0c7a9c.css","size":125915},{"name":"5c63c7288456347a9981a196077e4bf09d87e9fd-488cb66529b14366faef.js","size":23038},{"name":"component---src-pages-businesses-[slug]-js-7e5c48dfeb12a3dce719.js","size":6122}],"filteredAssets":0,"assetsSize":155075,"filteredAuxiliaryAssets":20,"auxiliaryAssetsSize":4193871},"component---src-pages-contact-index-js":{"name":"component---src-pages-contact-index-js","assets":[{"name":"styles.041eb11532774f0c7a9c.css","size":125915},{"name":"5c63c7288456347a9981a196077e4bf09d87e9fd-488cb66529b14366faef.js","size":23038},{"name":"component---src-pages-contact-index-js-a7007fc3e1327d45b51b.js","size":5650}],"filteredAssets":0,"assetsSize":154603,"filteredAuxiliaryAssets":20,"auxiliaryAssetsSize":4192287},"component---src-pages-index-js":{"name":"component---src-pages-index-js","assets":[{"name":"styles.041eb11532774f0c7a9c.css","size":125915},{"name":"36bcf0ca-ce6b598ba56313af2400.js","size":179801},{"name":"5c63c7288456347a9981a196077e4bf09d87e9fd-488cb66529b14366faef.js","size":23038},{"name":"8d18498d2a49773e6903e38703cd6557eb520779-41bd07f22fd18b115754.js","size":106445},{"name":"component---src-pages-index-js-7626244cbbc9552c560f.js","size":85206}],"filteredAssets":0,"assetsSize":520405,"filteredAuxiliaryAssets":23,"auxiliaryAssetsSize":6856949},"component---src-pages-info-[id]-js":{"name":"component---src-pages-info-[id]-js","assets":[{"name":"component---src-pages-info-[id]-js-2d450c9cf525add02617.js","size":319}],"filteredAssets":0,"assetsSize":319,"filteredAuxiliaryAssets":1,"auxiliaryAssetsSize":481},"component---src-pages-itspec-[slug]-jsx":{"name":"component---src-pages-itspec-[slug]-jsx","assets":[{"name":"styles.041eb11532774f0c7a9c.css","size":125915},{"name":"5c63c7288456347a9981a196077e4bf09d87e9fd-488cb66529b14366faef.js","size":23038},{"name":"8d18498d2a49773e6903e38703cd6557eb520779-41bd07f22fd18b115754.js","size":106445},{"name":"component---src-pages-itspec-[slug]-jsx-74899e7271c2fe81e1ca.js","size":8357}],"filteredAssets":0,"assetsSize":263755,"filteredAuxiliaryAssets":26,"auxiliaryAssetsSize":4849151},"component---src-pages-types-[id]-js":{"name":"component---src-pages-types-[id]-js","assets":[{"name":"component---src-pages-types-[id]-js-2f4bbdd3a7fa03e68d88.js","size":320}],"filteredAssets":0,"assetsSize":320,"filteredAuxiliaryAssets":1,"auxiliaryAssetsSize":483}},"assetsByChunkName":{"polyfill":["webpack-runtime-9e2d44b496132f35717d.js","polyfill-6a99572ea661807822a4.js"],"app":["webpack-runtime-9e2d44b496132f35717d.js","styles.041eb11532774f0c7a9c.css","framework-17bcecbe366e90a0db56.js","app-3adc180308acf65b5edf.js"],"component---src-pages-404-js":["component---src-pages-404-js-54e9d5fcf2dc42a6eeaa.js"],"component---src-pages-businesses-[slug]-js":["styles.041eb11532774f0c7a9c.css","5c63c7288456347a9981a196077e4bf09d87e9fd-488cb66529b14366faef.js","component---src-pages-businesses-[slug]-js-7e5c48dfeb12a3dce719.js"],"component---src-pages-contact-index-js":["styles.041eb11532774f0c7a9c.css","5c63c7288456347a9981a196077e4bf09d87e9fd-488cb66529b14366faef.js","component---src-pages-contact-index-js-a7007fc3e1327d45b51b.js"],"component---src-pages-index-js":["styles.041eb11532774f0c7a9c.css","36bcf0ca-ce6b598ba56313af2400.js","5c63c7288456347a9981a196077e4bf09d87e9fd-488cb66529b14366faef.js","8d18498d2a49773e6903e38703cd6557eb520779-41bd07f22fd18b115754.js","component---src-pages-index-js-7626244cbbc9552c560f.js"],"component---src-pages-info-[id]-js":["component---src-pages-info-[id]-js-2d450c9cf525add02617.js"],"component---src-pages-itspec-[slug]-jsx":["styles.041eb11532774f0c7a9c.css","5c63c7288456347a9981a196077e4bf09d87e9fd-488cb66529b14366faef.js","8d18498d2a49773e6903e38703cd6557eb520779-41bd07f22fd18b115754.js","component---src-pages-itspec-[slug]-jsx-74899e7271c2fe81e1ca.js"],"component---src-pages-types-[id]-js":["component---src-pages-types-[id]-js-2f4bbdd3a7fa03e68d88.js"]},"childAssetsByChunkName":{}}