{"name":"build-javascript","namedChunkGroups":{"polyfill":{"name":"polyfill","assets":[{"name":"webpack-runtime-b0d7685c2a0f2cb6af3a.js","size":5555},{"name":"polyfill-6a99572ea661807822a4.js","size":83483}],"filteredAssets":0,"assetsSize":89038,"filteredAuxiliaryAssets":2,"auxiliaryAssetsSize":223948},"app":{"name":"app","assets":[{"name":"webpack-runtime-b0d7685c2a0f2cb6af3a.js","size":5555},{"name":"styles.bd27eb5cdf781431720b.css","size":126068},{"name":"framework-17bcecbe366e90a0db56.js","size":129726},{"name":"app-fc9fd49b181e335bf0e4.js","size":175772}],"filteredAssets":0,"assetsSize":437121,"filteredAuxiliaryAssets":38,"auxiliaryAssetsSize":5794077},"component---src-pages-404-js":{"name":"component---src-pages-404-js","assets":[{"name":"component---src-pages-404-js-54e9d5fcf2dc42a6eeaa.js","size":800}],"filteredAssets":0,"assetsSize":800,"filteredAuxiliaryAssets":1,"auxiliaryAssetsSize":1987},"component---src-pages-businesses-[slug]-js":{"name":"component---src-pages-businesses-[slug]-js","assets":[{"name":"styles.bd27eb5cdf781431720b.css","size":126068},{"name":"5c63c7288456347a9981a196077e4bf09d87e9fd-692a0b70ab592f5d09b2.js","size":24151},{"name":"component---src-pages-businesses-[slug]-js-c5d7400e66d727236a57.js","size":4987}],"filteredAssets":0,"assetsSize":155206,"filteredAuxiliaryAssets":19,"auxiliaryAssetsSize":3883880},"component---src-pages-contact-index-js":{"name":"component---src-pages-contact-index-js","assets":[{"name":"styles.bd27eb5cdf781431720b.css","size":126068},{"name":"5c63c7288456347a9981a196077e4bf09d87e9fd-692a0b70ab592f5d09b2.js","size":24151},{"name":"14635c9235cee1fb46047c81a0da01e04c6a388f-fe788e2722da15f65f9e.js","size":15128},{"name":"component---src-pages-contact-index-js-42faedf6702182de0bbf.js","size":4635}],"filteredAssets":0,"assetsSize":169982,"filteredAuxiliaryAssets":20,"auxiliaryAssetsSize":3946518},"component---src-pages-index-js":{"name":"component---src-pages-index-js","assets":[{"name":"styles.bd27eb5cdf781431720b.css","size":126068},{"name":"36bcf0ca-ce6b598ba56313af2400.js","size":179801},{"name":"5c63c7288456347a9981a196077e4bf09d87e9fd-692a0b70ab592f5d09b2.js","size":24151},{"name":"14635c9235cee1fb46047c81a0da01e04c6a388f-fe788e2722da15f65f9e.js","size":15128},{"name":"8d18498d2a49773e6903e38703cd6557eb520779-e7e92e2a81850d757e80.js","size":109042},{"name":"component---src-pages-index-js-39098c9e8311119c1b85.js","size":81831}],"filteredAssets":0,"assetsSize":536021,"filteredAuxiliaryAssets":23,"auxiliaryAssetsSize":6611007},"component---src-pages-info-[id]-js":{"name":"component---src-pages-info-[id]-js","assets":[{"name":"component---src-pages-info-[id]-js-2d450c9cf525add02617.js","size":319}],"filteredAssets":0,"assetsSize":319,"filteredAuxiliaryAssets":1,"auxiliaryAssetsSize":481},"component---src-pages-itspec-[slug]-jsx":{"name":"component---src-pages-itspec-[slug]-jsx","assets":[{"name":"styles.bd27eb5cdf781431720b.css","size":126068},{"name":"5c63c7288456347a9981a196077e4bf09d87e9fd-692a0b70ab592f5d09b2.js","size":24151},{"name":"14635c9235cee1fb46047c81a0da01e04c6a388f-fe788e2722da15f65f9e.js","size":15128},{"name":"8d18498d2a49773e6903e38703cd6557eb520779-e7e92e2a81850d757e80.js","size":109042},{"name":"component---src-pages-itspec-[slug]-jsx-38e4d5663fc4ca561766.js","size":5398}],"filteredAssets":0,"assetsSize":279787,"filteredAuxiliaryAssets":22,"auxiliaryAssetsSize":4124261},"component---src-pages-types-[id]-js":{"name":"component---src-pages-types-[id]-js","assets":[{"name":"component---src-pages-types-[id]-js-2f4bbdd3a7fa03e68d88.js","size":320}],"filteredAssets":0,"assetsSize":320,"filteredAuxiliaryAssets":1,"auxiliaryAssetsSize":483}},"assetsByChunkName":{"polyfill":["webpack-runtime-b0d7685c2a0f2cb6af3a.js","polyfill-6a99572ea661807822a4.js"],"app":["webpack-runtime-b0d7685c2a0f2cb6af3a.js","styles.bd27eb5cdf781431720b.css","framework-17bcecbe366e90a0db56.js","app-fc9fd49b181e335bf0e4.js"],"component---src-pages-404-js":["component---src-pages-404-js-54e9d5fcf2dc42a6eeaa.js"],"component---src-pages-businesses-[slug]-js":["styles.bd27eb5cdf781431720b.css","5c63c7288456347a9981a196077e4bf09d87e9fd-692a0b70ab592f5d09b2.js","component---src-pages-businesses-[slug]-js-c5d7400e66d727236a57.js"],"component---src-pages-contact-index-js":["styles.bd27eb5cdf781431720b.css","5c63c7288456347a9981a196077e4bf09d87e9fd-692a0b70ab592f5d09b2.js","14635c9235cee1fb46047c81a0da01e04c6a388f-fe788e2722da15f65f9e.js","component---src-pages-contact-index-js-42faedf6702182de0bbf.js"],"component---src-pages-index-js":["styles.bd27eb5cdf781431720b.css","36bcf0ca-ce6b598ba56313af2400.js","5c63c7288456347a9981a196077e4bf09d87e9fd-692a0b70ab592f5d09b2.js","14635c9235cee1fb46047c81a0da01e04c6a388f-fe788e2722da15f65f9e.js","8d18498d2a49773e6903e38703cd6557eb520779-e7e92e2a81850d757e80.js","component---src-pages-index-js-39098c9e8311119c1b85.js"],"component---src-pages-info-[id]-js":["component---src-pages-info-[id]-js-2d450c9cf525add02617.js"],"component---src-pages-itspec-[slug]-jsx":["styles.bd27eb5cdf781431720b.css","5c63c7288456347a9981a196077e4bf09d87e9fd-692a0b70ab592f5d09b2.js","14635c9235cee1fb46047c81a0da01e04c6a388f-fe788e2722da15f65f9e.js","8d18498d2a49773e6903e38703cd6557eb520779-e7e92e2a81850d757e80.js","component---src-pages-itspec-[slug]-jsx-38e4d5663fc4ca561766.js"],"component---src-pages-types-[id]-js":["component---src-pages-types-[id]-js-2f4bbdd3a7fa03e68d88.js"]},"childAssetsByChunkName":{}}