{"name":"build-javascript","namedChunkGroups":{"polyfill":{"name":"polyfill","assets":[{"name":"webpack-runtime-ed73f149d772fb1c6637.js","size":5555},{"name":"polyfill-6a99572ea661807822a4.js","size":83483}],"filteredAssets":0,"assetsSize":89038,"filteredAuxiliaryAssets":2,"auxiliaryAssetsSize":223948},"app":{"name":"app","assets":[{"name":"webpack-runtime-ed73f149d772fb1c6637.js","size":5555},{"name":"styles.b093089abfb690bbfcf0.css","size":126414},{"name":"framework-17bcecbe366e90a0db56.js","size":129726},{"name":"app-034d4f64a0654af25ba8.js","size":176472}],"filteredAssets":0,"assetsSize":438167,"filteredAuxiliaryAssets":38,"auxiliaryAssetsSize":5796199},"component---src-pages-404-js":{"name":"component---src-pages-404-js","assets":[{"name":"component---src-pages-404-js-54e9d5fcf2dc42a6eeaa.js","size":800}],"filteredAssets":0,"assetsSize":800,"filteredAuxiliaryAssets":1,"auxiliaryAssetsSize":1987},"component---src-pages-businesses-[slug]-js":{"name":"component---src-pages-businesses-[slug]-js","assets":[{"name":"styles.b093089abfb690bbfcf0.css","size":126414},{"name":"5c63c7288456347a9981a196077e4bf09d87e9fd-f8133ae41c2e96cb7b71.js","size":24746},{"name":"component---src-pages-businesses-[slug]-js-e183484df4dcb4eb341c.js","size":5021}],"filteredAssets":0,"assetsSize":156181,"filteredAuxiliaryAssets":19,"auxiliaryAssetsSize":3884921},"component---src-pages-contact-index-js":{"name":"component---src-pages-contact-index-js","assets":[{"name":"styles.b093089abfb690bbfcf0.css","size":126414},{"name":"5c63c7288456347a9981a196077e4bf09d87e9fd-f8133ae41c2e96cb7b71.js","size":24746},{"name":"14635c9235cee1fb46047c81a0da01e04c6a388f-fe788e2722da15f65f9e.js","size":15128},{"name":"component---src-pages-contact-index-js-9b1fa2229fd9a642d66b.js","size":4669}],"filteredAssets":0,"assetsSize":170957,"filteredAuxiliaryAssets":20,"auxiliaryAssetsSize":3947554},"component---src-pages-index-js":{"name":"component---src-pages-index-js","assets":[{"name":"styles.b093089abfb690bbfcf0.css","size":126414},{"name":"36bcf0ca-ce6b598ba56313af2400.js","size":179801},{"name":"5c63c7288456347a9981a196077e4bf09d87e9fd-f8133ae41c2e96cb7b71.js","size":24746},{"name":"14635c9235cee1fb46047c81a0da01e04c6a388f-fe788e2722da15f65f9e.js","size":15128},{"name":"8d18498d2a49773e6903e38703cd6557eb520779-2c47e0f771d8b050d3af.js","size":113514},{"name":"component---src-pages-index-js-e57c390c5f761bdd42b2.js","size":82015}],"filteredAssets":0,"assetsSize":541618,"filteredAuxiliaryAssets":23,"auxiliaryAssetsSize":6635166},"component---src-pages-info-[id]-js":{"name":"component---src-pages-info-[id]-js","assets":[{"name":"component---src-pages-info-[id]-js-2d450c9cf525add02617.js","size":319}],"filteredAssets":0,"assetsSize":319,"filteredAuxiliaryAssets":1,"auxiliaryAssetsSize":481},"component---src-pages-itspec-[slug]-jsx":{"name":"component---src-pages-itspec-[slug]-jsx","assets":[{"name":"styles.b093089abfb690bbfcf0.css","size":126414},{"name":"5c63c7288456347a9981a196077e4bf09d87e9fd-f8133ae41c2e96cb7b71.js","size":24746},{"name":"14635c9235cee1fb46047c81a0da01e04c6a388f-fe788e2722da15f65f9e.js","size":15128},{"name":"8d18498d2a49773e6903e38703cd6557eb520779-2c47e0f771d8b050d3af.js","size":113514},{"name":"component---src-pages-itspec-[slug]-jsx-5e271d348e26e4e881fc.js","size":5231}],"filteredAssets":0,"assetsSize":285033,"filteredAuxiliaryAssets":20,"auxiliaryAssetsSize":3711386},"component---src-pages-types-[id]-js":{"name":"component---src-pages-types-[id]-js","assets":[{"name":"component---src-pages-types-[id]-js-2f4bbdd3a7fa03e68d88.js","size":320}],"filteredAssets":0,"assetsSize":320,"filteredAuxiliaryAssets":1,"auxiliaryAssetsSize":483}},"assetsByChunkName":{"polyfill":["webpack-runtime-ed73f149d772fb1c6637.js","polyfill-6a99572ea661807822a4.js"],"app":["webpack-runtime-ed73f149d772fb1c6637.js","styles.b093089abfb690bbfcf0.css","framework-17bcecbe366e90a0db56.js","app-034d4f64a0654af25ba8.js"],"component---src-pages-404-js":["component---src-pages-404-js-54e9d5fcf2dc42a6eeaa.js"],"component---src-pages-businesses-[slug]-js":["styles.b093089abfb690bbfcf0.css","5c63c7288456347a9981a196077e4bf09d87e9fd-f8133ae41c2e96cb7b71.js","component---src-pages-businesses-[slug]-js-e183484df4dcb4eb341c.js"],"component---src-pages-contact-index-js":["styles.b093089abfb690bbfcf0.css","5c63c7288456347a9981a196077e4bf09d87e9fd-f8133ae41c2e96cb7b71.js","14635c9235cee1fb46047c81a0da01e04c6a388f-fe788e2722da15f65f9e.js","component---src-pages-contact-index-js-9b1fa2229fd9a642d66b.js"],"component---src-pages-index-js":["styles.b093089abfb690bbfcf0.css","36bcf0ca-ce6b598ba56313af2400.js","5c63c7288456347a9981a196077e4bf09d87e9fd-f8133ae41c2e96cb7b71.js","14635c9235cee1fb46047c81a0da01e04c6a388f-fe788e2722da15f65f9e.js","8d18498d2a49773e6903e38703cd6557eb520779-2c47e0f771d8b050d3af.js","component---src-pages-index-js-e57c390c5f761bdd42b2.js"],"component---src-pages-info-[id]-js":["component---src-pages-info-[id]-js-2d450c9cf525add02617.js"],"component---src-pages-itspec-[slug]-jsx":["styles.b093089abfb690bbfcf0.css","5c63c7288456347a9981a196077e4bf09d87e9fd-f8133ae41c2e96cb7b71.js","14635c9235cee1fb46047c81a0da01e04c6a388f-fe788e2722da15f65f9e.js","8d18498d2a49773e6903e38703cd6557eb520779-2c47e0f771d8b050d3af.js","component---src-pages-itspec-[slug]-jsx-5e271d348e26e4e881fc.js"],"component---src-pages-types-[id]-js":["component---src-pages-types-[id]-js-2f4bbdd3a7fa03e68d88.js"]},"childAssetsByChunkName":{}}